Id,Name,Year,Invention,Patents,RandId
4,inventor1,1675,name 1,100,3.100000
8,inventor2,1775,name 2,10,33.200001
15,inventor3,1875,name 3,20,55.299999
16,inventor4,1975,name 4,340,4.400000
23,inventor5,2075,name 5,15,2.500000